{"files":{},"open-pages":["index.html","exercicio-2.html","site.html"],"urls":{"index.html":{"open-with-wrapper":false},"exercicio-2.html":{"open-with-wrapper":false},"site.html":{"open-with-wrapper":false,"open-page-views":[{"w":1024,"h":0}]}},"recent-classes":["gap-2","justify-content-center","flex-row","d-flex","gap-1","p-0","me-1","mx-1","g-1","col-lg-12","m-0","col","mb-5","d-grid","container","container-fluid","border-dark","border","p-3","text-center","border-0","column-gap-1","gy-2","gx-2","g-2","gap-3","d-sm-block","d-none","my-3","my-5"],"source-project-url":"https://tutorial_new_bs"}